path,size_bytes,sha256
.gitattributes,328,61b67a2e50abd0fd8ffb284fbeeb65ad53b5a8a479e8652989a419d2f795a021
.gitignore,46,2053a018481bc58c6e8389c426a5b91fac76c862698146c5677bfaa12e8d8f9b
.nojekyll,0,e3b0c44298fc1c149afbf4c8996fb92427ae41e4649b934ca495991b7852b855
01_project2_scope.md,922,42f78c6aa1571d5f200bd41538b00091b76be22302502cdf48d2109d2e4da999
02_p2_observed_input_contract.csv,2450,924b9b5eddd371e5fb1e8d382a9db963d03afcf18fb0fe395ed4f8b1a52ccf5d
03_p2_synthetic_input_contract.csv,2816,7f765e7d548ac2625422c521adf829d219130a938cb7d82a344bca0ef6e68283
04_p2_upstream_dependency_contract.csv,1211,9dcea90fedce381051c1b7f5e9a7160c218be19df77f54a1d9ddb8209ccf6176
05_p2_data_availability_check.md,1290,40194acfd41b8cdfa002cf6a097b87b99b0e9341c73b170cfb92015e02b8fa48
06_observed_vs_synthetic_design.md,1117,6da1c395568d1c9dd8bbbb930b988bbb791f8eb65b0b95389b24f20aa84e9e9d
07_monitoring_period_definition.md,1033,771657e74f3e01f2a9bf38e6fefb16758f664ce3c583b68e80b0b56742f5602e
08_kpi_dictionary.csv,2505,1152c99b2165f284b76f30f9fd4c28b48775b9da7f36fe424c58e759158b16db
09_kri_register.csv,2291,5c20005ee55a72c9d3da28b975aae558c288828ce860c15de31a0b1d6f3957c5
10_risk_appetite_register.csv,2034,8445ab9e5df88a6e68999ec404728ec5ef4efbfda3ae6283e1df7dd5efc5c701
11_monthly_snapshot_methodology.md,905,2d7dd3bda15ad3f20ba0da30901f647de6695a29f1c3556a31ea3f3a9c99a641
12_model_monitoring_decision.md,830,7f071bf6e469b60ee319f33137d5bceed6dffa31b49e53b0d943e58bc7fc7223
13_policy_monitoring_decision.md,910,f9b191bbbad05600f0cf9b45099d1226d3851471815ee26d322435a6fed2a105
14_ecl_monitoring_decision.md,804,85bbe1bf1067f32bb8829ccf17a878e0b17a3e28edd7856971a2894e024e3cd5
15_phase0_validation_gate.md,811,7753f3a11786eb37841aea5e3dd92a118dce92ff7fe99c941d0d1cb1560a4189
ARTIFACT_INDEX.md,644,6fe9bbbeb3a45258d61a5f64b7caf41ccae93597b2c74353dec46c77d78ec48c
assets/i18n.js,8509,e1c8b8fbdc45150d0c0603bcc86b6911b17d6e74965438eaeff6fcb5f516db67
assets/project-data.js,11781,efc1cca8b2340dcba3aeaf74eb991a8dc287b56ee07b3cfdbd9b9779323a49dd
assets/project-page.js,13953,0cb6387532c2ac4c32185f28f3eebd93b8f78baa8b0b5285e8b402bcb151b8fa
assets/site.js,3549,394c2c25ee4f82678bd4bc9781fae8f0d5c8612727df2fd7c925c1f81bae1b04
assets/styles.css,24989,b8fb4ad4ed7c90608992033e277ec5cc501a96d88f5407d7f65e073a4ef296f3
assets/translations-vi-curated.js,70890,b8e79b6aa729896805f1e2bf8a0a8227f3ca04e64bb256e8aba77031caa5dda2
assets/translations-vi.js,184578,62c48118ce6db517e209a85c3bb5cb2c0335d291733f853bf3beb9d34a84a48a
audit/current_asset_inventory.csv,4820,402e5f3260ea8e9ede4381e296522e11918ede63396de0187c97d2a55da30439
audit/current_claim_risk_review.md,1113,b1e74f0bcac2c3bc622e107a7be22d8bf7bd718a2e8317e8a3406d87c436ba67
audit/current_data_profile.csv,1518,cc4813b8948699e882be308843d1cee1aa87a3037d15d48188da9b875e87e29d
audit/current_folder_structure.csv,154,a552f7061b15882fde25e6e502cf9512b07197de2687ddd28acc68ec5f97e4d3
audit/current_folder_structure.md,800,6b0e090f03475f010e66d04f5a88dc7e004f705bdb7b87b276bb25aef7c307a4
audit/current_powerbi_inventory.md,1488,5702313f2a018d8e68400635824844fc36bb7d729d918d5e27d07da331adab14
audit/current_report_inventory.csv,2332,4f1a3644e63978d8dda95949d8601732e202eae1d17e0ed456b6135b5829f125
audit/gold_v2_remediation_assessment.md,1015,6f2b6c3458ecc9e632d4218ddec655019e63f900c886047caf698bae0ed5a679
audit/gold_v2_remediation_register.csv,1099,932bdaa7cbaf70321ea2d43ebc9a7cb86dc1082a0c3aae733e9432105c470976
audit/keep_rebuild_remove_decision.csv,3624,0e4abf05d0ae9c691c9c7c70ca3622f0c595b3a8b4287693b2cdf8d09f49ee30
business_question.md,833,cd5f3eba71f18054265a562f3e50b082b26b74536336ab14cdd5056d96975aea
change_log.md,1085,ba1fe1d8af4f4c6fbdaff75f298e8e7a5aeda15726ee763b43f504fb24c14f1e
dashboard/index.html,38478,573c5e22b983b7d9c1ae65bf88da77d920f14ae8e7780f65efc472451842ce24
dashboard/README.md,585,86c846b6965dfb3fd98afe050a07ab7f4e976bfb6c2c41c70bf2abb7af486412
dashboard/screenshots/01_executive_desktop.png,101853,c6cce3803da919198986808b0cbdaed1cb812c5d6dc5c6ad2820efbb4430eb11
dashboard/screenshots/02_policy_desktop.png,106975,e247f07d01ae96863fede0bc1d8de6eabc8ca3a500413ac29cfd128a50cfdf23
dashboard/screenshots/03_portfolio_mobile.png,37213,88cf34dae45c5aaf9a72325d9b3d596d17e5f1b2d7541f3847085ac4828d3a8e
dashboard/screenshots/04_executive_mobile.png,40972,0a16871d504f4d8c081d325b4f0d09bd580da9f8a3c15255fda0972a5cca90ec
dashboards/project-2/index.html,39799,1cc8bc2ee1138607ee8b111777301911d3bace421574d264a9ea2585977d1c9c
data/observed/p2_observed_account_base.csv.gz,52340233,69d5db5178a93345e97a05ef5ef52e3186a5997bdce2258f30f2d5a645722e88
data/reference_p3/cutoff_strategy.csv,1511,42fe490f25c225703b56d9e3a2cdcd17a2a09796062905628906ea60d26831f8
data/reference_p3/final_model_recommendation.csv,1212,79add811fce57966897dea9ffe8d0a16039deca130818ccd81a8919655d7bcd6
data/reference_p3/model_card.md,8602,91a2a57645e655532250e3b813e04db706606eceae52e174f20c0f68364353b4
data/reference_p3/model_stack_performance.csv,1568,8109106a7cd76f97da9abeb1bcd0dce9b0762d7c172ba4bb569f79228a0603fa
data/reference_p3/validation_metrics.csv,726,da8d09ad8e909e319824cc0085aadd76a26f6dba6f244e28c18ce335817ffc29
data/reference_p4/assumption_change_ecl_bridge.csv,881,b1f814ca893f7dd8780810cabfa5f05ed484fa89ce4099e612639d5bff98c2cc
data/reference_p4/ecl_account_level.csv.gz,19836740,ecdfed4a894245e1a6748f681bd84b1a0fac769ad5c60d0b2e4df8d6c246e72b
data/reference_p4/ecl_by_segment.csv,3074,d3702be70ffe8ad5fd97b011a9dc3b1190a0538c74b5f0c366fa915798111cb4
data/reference_p4/ecl_by_stage.csv,780,cea04d470fa5c238d8d40842d4bf92360f2d4a94ddeddb00b649132d1367248d
data/reference_p4/ecl_view_comparison.csv,823,30e2350f8f1347369bc2ee01953a8c57d20b4484c4dd586d43c071e80e14cc5d
data/reference_p4/p4_ecl_sample_5k.csv,2407063,5648aae287502f91b83edb70a386f79fdaa00ee078be681c1225c313a5fd8e02
data/reference_p4/project6_to_project4_ecl_bridge.csv,1153,7bae4e7e94f9bc3fe93df9887707e511c8c54d9b80ef607fa03ee02c97f1e617
data/reference_p4/risk_appetite_status.csv,750,c863d3a1a4aa9e4e86550775930a281ede3356800daeef9934d80124a218c610
data/reference_p4/scenario_ecl_summary.csv,602,139f90b2facd519875346d3e2c3ec2889e0ec466435e34591a0d4c5f3c98de2a
data/reference_p4/sensitivity_analysis.csv,3074,2dadffc3b6126b2af9fe90469af8c5bd96036161687687fe454e37798a039ef1
data/reference_p5/incident_register.csv,8811,fc056ed586df3e33311128707fa95ab80baf5bbbbf9b07e1b51c6602ee756b5b
data/reference_p5/observed_fraud_kpi_summary.csv,2005,38421d4c9915b829aa093e3097dad3e45c9e6356e70d8984fd5e8e5fd3f34bae
data/reference_p5/priority_queue_efficiency.csv,645,ae0a62e2643b5c32fb9e0124b8e1cf8b950e5fcce80ce954e47b96cab1480e14
data/reference_p6/policy_scenario_impact_summary.csv,4398,387abecfa0e54ba64fd1b340d9e08a6da1da4c5f1d5e34830c8a6112a3463759
data/reviewer_samples/observed_account_sample_5k.csv,707992,6a9336b19239cd66337218ee8083f9a4196af407868b9b15aa2701e90628df31
data/reviewer_samples/observed_base_sample_100k.csv.gz,4609778,6d1e65ad22a0041cbeb17a1fc238053ff5f97378ac4b0f594d80a406f25a4709
data/reviewer_samples/synthetic_snapshot_sample_50k.csv.gz,1765436,9eadb4f8909934991dcc51dbf6da5a51afdf3df2a8e20fe2f8400c5f2998a7f8
data/synthetic/monthly_delinquency_snapshots.csv.gz,34620132,ea0633f5d68c242f1e231191a4f25671da95a41b59e933ed11707661b2904160
data_contract/monitoring_period_definition.md,1033,771657e74f3e01f2a9bf38e6fefb16758f664ce3c583b68e80b0b56742f5602e
data_contract/observed_vs_synthetic_design.md,1117,6da1c395568d1c9dd8bbbb930b988bbb791f8eb65b0b95389b24f20aa84e9e9d
data_contract/p2_data_availability_check.md,1290,40194acfd41b8cdfa002cf6a097b87b99b0e9341c73b170cfb92015e02b8fa48
data_contract/p2_observed_input_contract.csv,2450,924b9b5eddd371e5fb1e8d382a9db963d03afcf18fb0fe395ed4f8b1a52ccf5d
data_contract/p2_synthetic_input_contract.csv,2816,7f765e7d548ac2625422c521adf829d219130a938cb7d82a344bca0ef6e68283
data_contract/p2_upstream_dependency_contract.csv,1211,9dcea90fedce381051c1b7f5e9a7160c218be19df77f54a1d9ddb8209ccf6176
data_contract/population_reconciliation.csv,745,103fd81ffa160a4bfa2a72b49f25380d2cb3620fe37b5563c59a486f700aedef
data_contract/run_modes.md,1469,fbf66392dfe9d5fb554b019139704b34f42779698cbe482cb2943d95f8523a65
evidence/project-2/kri_status_summary.csv,3970,2dece99d685094386ff1f3f200c1e41a7b15bb40bf0b359fb853e698dac6d0ea
evidence/project-2/portfolio_kpi_summary.csv,2381,f2d44a74427dae9bc8a398309afb6e4f15e15ee8a716cbb429bb9c12c9275b4c
evidence/project-2/README.md,3059,889b09530f3aee3582c51c00fddcec7e4978ece588987913a31ec7709ebe1fee
evidence/project-2/risk_committee_monitoring_memo.md,2995,8eadc3398c209d7280a87587f54cdd285e165b74c5bf5d8e75f863468831a6f5
evidence/project-2/validation_report.md,1884,e19f79e595b62b153af0eb833edc674f122dcbfe66bedc0babe85be38054ec2e
excel/Project2_CreditPortfolioMonitoring_Gold_v2_1_4.xlsx,940090,d1a5602190219b12fed473fd4993024d8278d38d4d7b81696a235db699e8ef1a
excel/README.md,1805,4c6802561a4656bc0aa84f4e86b9d04ec866e32545690f1a2d1a7cc34ebe4a9d
EXECUTIVE_SUMMARY.md,1087,e53fa4e2cc0164927469b09270e6b9fe73b61649fd34e52986b2ff55db26116e
GITHUB_PUBLICATION_MAP.md,1096,37d8a5c2e739d80790723bbf0b33f94767a35066490118451c5245783147d2fc
governance/assumption_register.csv,2366,64f79f49255a551896d2fde678bd97aa62992a72e08e19810cf34f069475f21b
governance/audit_evidence_checklist.csv,2064,78b41a3046f400ba2264730b1ef152091267f0e9084fcc0360d3710a1cf34a63
governance/data_status_register.csv,1086,b16d996e40425c7ea2fb4f68f53b885ae243ba331c06f1d21e6b2f8e99110385
governance/exception_register.csv,1477,1b977f41a18eec3c22e7c6b900520bba045b30525266c0dabcd36414a65040b5
governance/kpi_dictionary.csv,2505,1152c99b2165f284b76f30f9fd4c28b48775b9da7f36fe424c58e759158b16db
governance/kri_register.csv,2291,5c20005ee55a72c9d3da28b975aae558c288828ce860c15de31a0b1d6f3957c5
governance/management_action_library.csv,4969,063cb0ea6092908baedb609c9369c04fa5d5e83862a2062b9b30dd7846a4f304
governance/model_use_register.csv,539,8a751499b6781adfe071d81f11114ba2c680207b33d66b483a58ca7359f64ef4
governance/monitoring_plan.csv,1613,06a09605fde35b7246814ec73032e176c62a505c4759ff3b8680d2d5147bbb99
governance/owner_approver_matrix.csv,1366,afec7b6cf351556d664bc2539d714d3a791862ed169bed4ef9017521c0a0d8f7
governance/risk_appetite_register.csv,2034,8445ab9e5df88a6e68999ec404728ec5ef4efbfda3ae6283e1df7dd5efc5c701
index.html,759,ba6d4883be70adc3107dd91e46441f8d77405199302d6e5ccec2108afeb73e7d
limitation_note.md,1171,275f611c0f2c72770734fe10d5f4e1dc457be8f3a251bd1b9369d290a5c785ef
LIMITATIONS.md,517,6213d7a988ef6337ad90ef6bf1a7e753b0cb12cb36de84965ae58a637c06ddc5
logs/pipeline_run_log.csv,389,b6ffdddafd9786ec9359abbeb44b66c295fe96cf8a6f6821dae15dd29e2805aa
logs/pipeline_run_summary.json,501,2dcef375c6eeb7719fece8a0d1a3bf74647cb740365fab09cd204a80aea9e1a5
logs/reviewer_clean_rebuild.json,660,355711c094fcecd3f91917475030915345075c46127a4116c63a5cc31e83b7d7
logs/reviewer_clean_rebuild.log,316,f83dbbb58ba20e51752713cfb418b413ebd096a44adf2a17f69e90751deac5b0
MASTER_PLAN.md,1063,ad481e6f65c6f0bf9dfc9fcea26da67584891c6f473f5c29a627b7a01c7f22ec
methodology/calibration_monitoring_methodology.md,826,d8d899ec705a0f932ffe7cac9c6c353b0114397cffff9b988729466ca0f6f3a3
methodology/dashboard_measure_governance.md,841,3b406979071d875cb623a38456b536f600e297e97dfcd280d04cd65cc32625ec
methodology/delinquency_rollrate_methodology.md,897,d5b7290cdb059f8919502a4353609e9d84ce93cd7fbd90bb3c040c899c69f8d1
methodology/early_warning_methodology.md,876,2416c327c293756d54074e16430c7d5b21b7281ceea892652bf138d52073eaae
methodology/ecl_monitoring_methodology.md,829,76d0a479ba19597ba3ced61f5f4bca24fd9ff2a3a5750280ed13534cdcb46903
methodology/gold_v2_methodology_lock.md,1559,c49d244749a49c2b52d34b0b1544a287af92396b31527feac6199b8b42a5a0c2
methodology/model_monitoring_methodology.md,869,82b337c5750734d7836a7e6dc2f45a7948e06b5859d1ad55cd98f002a17725f5
methodology/monthly_snapshot_methodology.md,806,d87e6dc77da4230120b88e590c66f7fbf6e29a5211d04d6ac9f6a31c9a70a5a8
methodology/policy_monitoring_methodology.md,909,0a58e8aebb6cdec3dfe2a227b446d075f310d8176b60073db8a9cb86e4dfa091
methodology/portfolio_monitoring_methodology.md,843,0f6abd7b0a7aa93dca062eb71384122d99a02f9f1010a0998b4ae155ed09741f
methodology/risk_appetite_methodology.md,849,d15d363cfc4c193268efe738c76c5e787e7f557fe74139fb7de97469ca604f18
methodology/vintage_cohort_methodology.md,876,f636a0ac736d6532d7480361197cdaa418ea45fd989840a4178636d871db0422
OPEN_THIS_FIRST.html,15393,5f193a7946687fd2d55849560b807e90c98d3f5511fdefc37c7afea072890da8
outputs/calibration_population_summary.csv,29706,e4adc238c3ff0bf6975f7a0f77d7eb6257f40ff783974f0a50b71ff51b78defe
outputs/cure_rate_summary.csv,1015,2b7a13bec34a4ac51739ba31bef99b36ea28b8bdaf5e1db1267447f9a2562598
outputs/delinquency_stock_flow_summary.csv,48408,9dc42a92e7e8e8b601947c0f83d2ae3a7a7ffd8d99562db3624f31398b2809a0
outputs/early_warning_alerts.csv,4383,856deb0b2575cc32e1e15a41598e37d779b38c4c41c02fb37aa7ba2d866b48f9
outputs/ecl_assumption_movement_bridge.csv,1983,a6bfccf94f6a5f4970c4d0e5c9eff8c9fee4872bb1d456dac8e77ed5a4e1a923
outputs/ecl_concentration_monitoring.csv,4996,2bdf20916dc905c03c900cca26cc7c8ceb32199ed70656967d1785d62f5f2279
outputs/ecl_policy_bridge.csv,2230,70ea6d2647b0ffe6b3d095b48c7a759beeabae8663b9fef238d590d229b7624a
outputs/ecl_readiness_kri.csv,1239,81b6d71d15d7918c2aa45d043c8ac1dcae0897a32a928a9bce7b74fd0942342f
outputs/ecl_scenario_monitoring.csv,1609,6dd5ed66304c4e59db172361c9b16ddb588de29ae8077fd4b2fe1ee55dd7afdf
outputs/ecl_sensitivity_monitoring.csv,4953,cefba58a41536b1829ae7f4b53dbafe16920409a0aa7128e614365c14854ba30
outputs/ecl_stress_monitoring_summary.csv,1950,93796dc90cf9b29e6bef6567694f10aefa1ce74fc8c3fc7f67e49a5d76c8b227
outputs/ecl_view_bridge.csv,1168,082796668a4ec288138066c2aed6f76445d5327abf8fb3e71b19379014ecbcd7
outputs/enterprise_risk_summary.csv,2018,923f8832dd6cb8391069316cea413bb33e833361e850fedfd65a2a7fcd87e23e
outputs/feature_drift_bin_definition.csv,1031,2ae957a04abc64b0273dbb0da4b5df22b1ae62fc293c5b2e410a1eb7fbb8edc5
outputs/feature_drift_summary.csv,212183,b9aaae087f87572c0a13667dbe8299a9b0b63f4103974e3901be43188814ef2a
outputs/kri_status_summary.csv,3970,2dece99d685094386ff1f3f200c1e41a7b15bb40bf0b359fb853e698dac6d0ea
outputs/management_action_summary.csv,4969,063cb0ea6092908baedb609c9369c04fa5d5e83862a2062b9b30dd7846a4f304
outputs/model_calibration_summary.csv,171124,c15531d5709c0a6359960b48aa79f8beb58a3a25d4f7f5421addefba951fa4f0
outputs/model_ks_threshold_detail.csv,262634,f1d2eed7cdf11175c5d73622179c819511dd4a122e9ab9fbfa5053ba662f51f1
outputs/model_monitoring_current_summary.csv,2210,297867313cc178157b1e9e93e8f5fc759d4312aa0b1738c2db2075db21a17cc8
outputs/model_monitoring_summary.csv,96081,bc36285831457b58e1cf764765afec077189aa5c55c19c95313448322885a69e
outputs/monthly_portfolio_snapshot.csv.gz,50948848,c081387d71575e2c2164321cbead887d61a067ec461123ac35c57a2ecee30f67
outputs/origination_cohort_summary.csv,80145,324bf42cdd7691b0acf164b066971484cb301776d9bcdfc5c26f730e170fc2f3
outputs/policy_monitoring_summary.csv,499586,d25cccac1d4af92862c6228ee8b531b4dbefd1db5b631116110f0d0dccc9d5fc
outputs/policy_period_trend.csv,463065,aee47f4aac3204b96c654a38ca064ede780f779763ad238312a8d32e3c0d423b
outputs/policy_version_bridge_summary.csv,4904,2722d2cb82c631b9ddd0eb307c943c3a97d3140d4e32b3f62ccfb88429a3f5a8
outputs/portfolio_change_summary.csv,1999,10670cad8f574f9a2b699373a8a8ff179785e060872eb52e9f33ec5302a7fa0f
outputs/portfolio_kpi_summary.csv,2381,f2d44a74427dae9bc8a398309afb6e4f15e15ee8a716cbb429bb9c12c9275b4c
outputs/portfolio_monthly_trend.csv,80145,324bf42cdd7691b0acf164b066971484cb301776d9bcdfc5c26f730e170fc2f3
outputs/roll_rate_matrix.csv,1542,e24ac30cf089e1b43cd5c15e42173af12f5a7330d53f2166108f0615fe8065da
outputs/segment_concentration_summary.csv,19324,3a70ead754c4f796dd045b316411f6255979d8e207a87bfc828b10e5db9fe123
outputs/vintage_performance_summary.csv,4707441,3b805b6ae3a7b61d3f8291acff8100bff424d3b0f76d5b94f56526f7b1c6083d
PACKAGE_INDEX.md,2668,48bdcf5cca910a8edc9c937d9a4cb9fe9af39933d107313b00da9e9775245245
PACKAGE_README_WEB_FIRST.md,1457,31a58f22dd8984de7337d0ae57d2be7b7e9bf5defbd18bd3ad714a5836a2a644
README.md,3319,4ee44b6b9dc5cd7066578fb9ae5ec7d20b37e47c289b15d343104a58807ec030
recruiter_summary.md,823,d09b59ad6ef8dfa4d8796f690d73e663f2eedbd361f0e0cf911daaaf289910aa
RECRUITER_TALKING_POINTS.md,927,092f0fec8db3ab399d61781356c0ce7f62b57491edbd0a25e4928da8b33d4132
reports/dashboard_user_guide.md,896,a913bf66315b439557b60dc53d3971c52a26d4de13a97e854354c53896a277b9
reports/delinquency_vintage_report.md,2264,ffd34e1ed1f7bf78afe349fa06897e15e62f807ea2b29b65d1b74d31cd3c7741
reports/early_warning_report.md,2728,08f19a0beaf3fdf95269308941f32313a199365b9405ece342c2ed92990badb5
reports/ecl_stress_monitoring_report.md,1152,a117f27fd1cb3e16b41a7f495b0e07fba695e039835cadb61397cb0900fce7c6
reports/executive_change_summary.csv,1328,03f3dd2bcd0ad31df82350dce1209cdcdb981b007d743d0a2a1392c82d6804ab
reports/interview_defence.md,975,7fec3202d6fe862671bd742268c95782898cf4a58ee8a0d7a6ffdf5f557e1448
reports/model_monitoring_report.md,2152,c349cee8d5ea977f71932a48c7fcd14cbc39c2bac0d03be6e297295dc8f7dd68
reports/policy_monitoring_report.md,2340,de54e15a7e7ccbf1a8c388eb5c60478484f10db832137563770abff59f178dc9
reports/portfolio_monitoring_report.md,1670,c3266916613d82d3ff409a4b37c0fb51c8edc9a011ba2d9c4e5b261e5f061da8
reports/reviewer_rebuild_runtime_guide.md,2184,4e40377b76baae9a739923c0e6ecb8345ce844f3ef485f00f754987b28ba45e8
reports/risk_committee_monitoring_memo.md,2995,8eadc3398c209d7280a87587f54cdd285e165b74c5bf5d8e75f863468831a6f5
reports/runtime_hardware_requirements.md,1442,2ac942b3d4605ef71222c27e2817a3b0943f97f21de53a3675e8d0c32dc71f3f
reports/technical_reproducibility_report.md,1272,408ea260f838e9d01505881bab23f86f1ad45549725170515d7cc78b45519412
requirements-core.txt,83,c9dfdab59fad2c930e20fc77ae82a36c5ad21f1c069f917295d382edfa86a0cb
requirements-windows-excel.txt,40,3499b7897db247defbc564e837564cef4f05e9d18cd54fac0d2fef0aba2dcab7
requirements.txt,113,ee3dfdc3376a26b6ab2ef5d49008b290865a0b8fce02d1b3110c8c17fc61238d
scripts/00_audit_existing_project.py,147,67b45c9b148c31f386e7f9bead1222da605b5b201c60aa92720c5f7cfa283092
scripts/01_load_validate_sources.py,213,bf9c03d99061e5d8c9f3375f753922fcb94c7d4369ae6b14a9311bef923d7be0
scripts/02_build_observed_monitoring_base.py,181,3a700e79810ca9082deabcbfa6edc93eba1d8bc0a3c1430dba97c8a243778d13
scripts/03_generate_synthetic_monthly_snapshots.py,196,9acdd174b89c69e52591471c116eebd532308a1509dac2df1acefa31c3699d56
scripts/04_build_delinquency_and_vintage_metrics.py,202,f7fa3e3685e3f9681d90894b936732a4345e1bf0a3e5678429058f6d0f3ebe32
scripts/05_build_model_monitoring.py,161,6b72e4eef989b2bcbf41867bb4f77aa690143c38071e349e74477efbbc058764
scripts/06_build_policy_monitoring.py,164,d845df73f6b1e9698f5e425446c11b43e2243f80ce8948ead480a614eb749b1d
scripts/07_build_ecl_enterprise_risk_monitoring.py,203,4228ec7e3d7ab26e452c94ccd837626bebd4c3a2bafb98676799b071f9fde26d
scripts/08_build_ews_kri_actions.py,158,c949ddbbac907373bb0476a6d3361e13af2ca30fb7372b8e77b027be99daa720
scripts/09_generate_excel_reports_powerbi_pack.py,195,c2b78cc06086ff3e4ec649189b178c958d5318b34e1e104f9870a65918becfd0
scripts/10_validate_final_outputs.py,172,4c0f74afa1a555042fcfef925df568a911aef45899eeab7b1b35424cb04b09dc
scripts/15_validate_web_dashboard.py,7719,e5ee5a2df6b28c9168fe905fd194993e738217cfc0e4ba755d301e24e7683007
scripts/16_package_project2_web_first.py,12352,02a537a416caa30a3d3f4540e1190b88aba9d3e57ff666b73b56fd946e9e277b
scripts/compare_reviewer_rebuild.py,483,da10d2b6c84a9d4a7a943ff40877ed990129334116e3d46c98bbdcfc21d8e3aa
scripts/project2_gold_common.py,48690,17a7dd7e155d2d76e9133d4dbcb0429b6a994dbbd9e158d955d43b79c1744ec4
scripts/project2_gold_monitoring.py,52489,4e7b6d42b1a4e4679dda952628c901466896e31ab6c3b9a508626ab15776f695
scripts/project2_gold_outputs.py,193176,b810a4dd66b434b519b2409d59416adb41fcfa44529cd953cc4f96399be5e66e
scripts/project2_gold_validation.py,113040,a18ab9dca87e8b5cf76b490ca61801bd65f0a0608d3660f66ede3eb370c5ee01
scripts/reviewer_quick_validate.py,2102,e714bca2494bd80bdbf9d6ee08c2aea7c9e1052e6908272633679982be4aa92c
scripts/run_full_pipeline.py,3750,26269e71b9acb897d8286c2c6fba01bde8b6aeaf7bd04bda4c12d14014286dab
scripts/run_reviewer_rebuild_with_evidence.py,442,698348eab11f3d23c741843f4439b444c54d24b200fcf41b16e2c1470e5f7dfa
scripts/run_two_phase_reproducibility.py,7575,017cd942d963cc293bb648f88a60d5ce5254d58e0b2333846f7c9021941cf874
SOURCE_PACKAGE_PRESERVATION.csv,50732,c7075eb9d571453458b8fb4b0ca3b4aac9638d74d1f20fa9bcb6a0b7581cfecb
sql/01_create_staging_tables.sql,2429,c23fd3bea647aaec9c7ae8724faa3862a027917ee9ca187d763daecfa5972cf6
sql/02_build_snapshot_facts.sql,463,060c5766d1980912d3178f409a89d9515272c3369a6d9da640e8a35c26fc15f1
sql/03_build_dimensions.sql,1330,543f64d99fb140eb6c51da2af66c0058b44ad3a833052ac0c2600b5d4cf5a941
sql/04_build_monitoring_marts.sql,1962,4b4a47b650d252b57590dbb1ccd1b6b4ca0383e241365d71f0091a619d31b95f
sql/05_validation_queries.sql,1098,c02552d26f7d6252c761f6083c9017d1251f8bf1dfae76876df6aad141b833c8
sql/README.md,1237,80faf3cf924887058829b8b3e80569bcff188b0394aecc374730e421e46cb206
testing/excel_cached_value_reconciliation.csv,4423,da75a49a0dba568dae1066a08b75484a109dc056786aa7874e41e2fa8d17d4be
testing/excel_formula_runtime_tests.csv,7443,9f099f304ef07d3fc6407ad0daeb6e536d9f230c09bc508e99586a4e19fb57c2
testing/negative_test_cases.csv,6215,7ec33bba63d53af7d6db8658040c73dbfb8e7a55184662c7d5f04d08f1d3c16f
testing/release_readiness_checklist.csv,2253,cd0ff453cf2c8d99fdb354f56c5a38cf16a67dbabfb5d87f860de7325b193c76
testing/sit_test_cases.csv,5482,35c9f4d1d313b2b560d3ed80b478de81b78e8200068d47caec99d7e691acb83d
testing/test_evidence_log.csv,18206,fafe4ef4d483844f81cf7a3ea0e9ba0a4c61f15bb1e435cdcc6384865a322a07
testing/uat_test_cases.csv,13279,17915c518c7040b9b7b8e8176ed14afc66fc4eea809d0561b097e9b63d311450
validation/analytical_baseline_build_manifest_v2_1_4.csv,77244,e4abf7c100f9bf373544d17cf5f21db3e9bd29f02db42b268179915e288dc03a
validation/analytical_baseline_release_manifest_v2_1_4.csv,86045,4c4ed7c6200297be7ea79422ad6c15cb3780f0a0b2fe2d6048b69b9a96f67cc9
validation/analytical_baseline_release_verification_v2_1_4.json,574,d970b91d9908144abaad424e80726e19da3c58e1a2d1dac567d88f71ac50fb9a
validation/author_reference/AUTHOR-20260712-195559/author_code_manifest.json,6833,8358df18bad47fb8cb3e31db5d2c0d8e9197a5d2d0f0c5b8a53b3d2084f1318b
validation/author_reference/AUTHOR-20260712-195559/author_pipeline_records.json,3251,3e506b5529723a38cd7a0702f1441a97a68d40a02ba3f785c8ac1cc6c62d58d9
validation/author_reference/AUTHOR-20260712-195559/author_reference_bundle.zip,176473,c2cd1e4a13453b7ab088c9721134e0d60fb6e3f989dc5d5ffac32930341b1de9
validation/author_reference/AUTHOR-20260712-195559/code/requirements-core.txt,83,c9dfdab59fad2c930e20fc77ae82a36c5ad21f1c069f917295d382edfa86a0cb
validation/author_reference/AUTHOR-20260712-195559/code/requirements-windows-excel.txt,40,3499b7897db247defbc564e837564cef4f05e9d18cd54fac0d2fef0aba2dcab7
validation/author_reference/AUTHOR-20260712-195559/code/requirements.txt,113,ee3dfdc3376a26b6ab2ef5d49008b290865a0b8fce02d1b3110c8c17fc61238d
validation/author_reference/AUTHOR-20260712-195559/code/scripts/00_audit_existing_project.py,147,67b45c9b148c31f386e7f9bead1222da605b5b201c60aa92720c5f7cfa283092
validation/author_reference/AUTHOR-20260712-195559/code/scripts/01_load_validate_sources.py,213,bf9c03d99061e5d8c9f3375f753922fcb94c7d4369ae6b14a9311bef923d7be0
validation/author_reference/AUTHOR-20260712-195559/code/scripts/02_build_observed_monitoring_base.py,181,3a700e79810ca9082deabcbfa6edc93eba1d8bc0a3c1430dba97c8a243778d13
validation/author_reference/AUTHOR-20260712-195559/code/scripts/03_generate_synthetic_monthly_snapshots.py,196,9acdd174b89c69e52591471c116eebd532308a1509dac2df1acefa31c3699d56
validation/author_reference/AUTHOR-20260712-195559/code/scripts/04_build_delinquency_and_vintage_metrics.py,202,f7fa3e3685e3f9681d90894b936732a4345e1bf0a3e5678429058f6d0f3ebe32
validation/author_reference/AUTHOR-20260712-195559/code/scripts/05_build_model_monitoring.py,161,6b72e4eef989b2bcbf41867bb4f77aa690143c38071e349e74477efbbc058764
validation/author_reference/AUTHOR-20260712-195559/code/scripts/06_build_policy_monitoring.py,164,d845df73f6b1e9698f5e425446c11b43e2243f80ce8948ead480a614eb749b1d
validation/author_reference/AUTHOR-20260712-195559/code/scripts/07_build_ecl_enterprise_risk_monitoring.py,203,4228ec7e3d7ab26e452c94ccd837626bebd4c3a2bafb98676799b071f9fde26d
validation/author_reference/AUTHOR-20260712-195559/code/scripts/08_build_ews_kri_actions.py,158,c949ddbbac907373bb0476a6d3361e13af2ca30fb7372b8e77b027be99daa720
validation/author_reference/AUTHOR-20260712-195559/code/scripts/09_generate_excel_reports_powerbi_pack.py,195,c2b78cc06086ff3e4ec649189b178c958d5318b34e1e104f9870a65918becfd0
validation/author_reference/AUTHOR-20260712-195559/code/scripts/10_validate_final_outputs.py,172,4c0f74afa1a555042fcfef925df568a911aef45899eeab7b1b35424cb04b09dc
validation/author_reference/AUTHOR-20260712-195559/code/scripts/compare_reviewer_rebuild.py,483,da10d2b6c84a9d4a7a943ff40877ed990129334116e3d46c98bbdcfc21d8e3aa
validation/author_reference/AUTHOR-20260712-195559/code/scripts/project2_gold_common.py,48690,17a7dd7e155d2d76e9133d4dbcb0429b6a994dbbd9e158d955d43b79c1744ec4
validation/author_reference/AUTHOR-20260712-195559/code/scripts/project2_gold_monitoring.py,52489,4e7b6d42b1a4e4679dda952628c901466896e31ab6c3b9a508626ab15776f695
validation/author_reference/AUTHOR-20260712-195559/code/scripts/project2_gold_outputs.py,193176,b810a4dd66b434b519b2409d59416adb41fcfa44529cd953cc4f96399be5e66e
validation/author_reference/AUTHOR-20260712-195559/code/scripts/project2_gold_validation.py,111926,4855008d2a133f25bd3a2d059f015028981e41f043123162db8a4651bc215c76
validation/author_reference/AUTHOR-20260712-195559/code/scripts/reviewer_quick_validate.py,2036,2458ad8525c6f12c6a9a260d6ba7b261045203d798a8ad31c693a56e3f3625cd
validation/author_reference/AUTHOR-20260712-195559/code/scripts/run_full_pipeline.py,3750,26269e71b9acb897d8286c2c6fba01bde8b6aeaf7bd04bda4c12d14014286dab
validation/author_reference/AUTHOR-20260712-195559/code/scripts/run_reviewer_rebuild_with_evidence.py,442,698348eab11f3d23c741843f4439b444c54d24b200fcf41b16e2c1470e5f7dfa
validation/author_reference/AUTHOR-20260712-195559/code/scripts/run_two_phase_reproducibility.py,7575,017cd942d963cc293bb648f88a60d5ce5254d58e0b2333846f7c9021941cf874
validation/author_reference/AUTHOR-20260712-195559/outputs/delinquency_stock_flow_summary.csv,48408,9dc42a92e7e8e8b601947c0f83d2ae3a7a7ffd8d99562db3624f31398b2809a0
validation/author_reference/AUTHOR-20260712-195559/outputs/ecl_stress_monitoring_summary.csv,1950,93796dc90cf9b29e6bef6567694f10aefa1ce74fc8c3fc7f67e49a5d76c8b227
validation/author_reference/AUTHOR-20260712-195559/outputs/kri_status_summary.csv,3970,2dece99d685094386ff1f3f200c1e41a7b15bb40bf0b359fb853e698dac6d0ea
validation/author_reference/AUTHOR-20260712-195559/outputs/management_action_summary.csv,4969,063cb0ea6092908baedb609c9369c04fa5d5e83862a2062b9b30dd7846a4f304
validation/author_reference/AUTHOR-20260712-195559/outputs/model_ks_threshold_detail.csv,262634,f1d2eed7cdf11175c5d73622179c819511dd4a122e9ab9fbfa5053ba662f51f1
validation/author_reference/AUTHOR-20260712-195559/outputs/model_monitoring_current_summary.csv,2210,297867313cc178157b1e9e93e8f5fc759d4312aa0b1738c2db2075db21a17cc8
validation/author_reference/AUTHOR-20260712-195559/outputs/policy_version_bridge_summary.csv,4904,2722d2cb82c631b9ddd0eb307c943c3a97d3140d4e32b3f62ccfb88429a3f5a8
validation/author_reference/AUTHOR-20260712-195559/outputs/portfolio_change_summary.csv,1999,10670cad8f574f9a2b699373a8a8ff179785e060872eb52e9f33ec5302a7fa0f
validation/author_reference/AUTHOR-20260712-195559/outputs/portfolio_kpi_summary.csv,2381,f2d44a74427dae9bc8a398309afb6e4f15e15ee8a716cbb429bb9c12c9275b4c
validation/author_reference/AUTHOR-20260712-195559/validation/source_manifest.csv,6036,9433e06257f823250014c2f111cadd93cf0a84f43a87d6a5a93f688cbce322d4
validation/build_artifact_manifest.csv,551184,3fe55b5bba39355e03efac2dad7bd6ddbd6358f9386eb0dfb73bb3b07063cce1
validation/dashboard_screenshot_validation.csv,1178,2385617da6ba746747d7b011dec48ca333b1341376b996768bd4afa9994b589c
validation/dashboard_validation_summary.md,590,20fb9ba079a2f16a9040cce4473e7dff98e2c1e0dddff782e4581f140d8c76ab
validation/data_validation_summary.md,6312,88837741cb13483a8a9d7d6a05a56c633a56bb71d3a38a1a8385f963d26e663a
validation/deterministic_rebuild_comparison.csv,4895,da4e67857ab877675ab97b01a01d306a0ca858a90a0f2d5f29369cc030fa35c9
validation/deterministic_reference_hashes.json,4206,019611de573c487dc4d44dfe466b5d2aa01da9b6af63682cb9cefcb1ca84274f
validation/excel_formula_reconciliation.csv,3175,79a5786fc6dd41e3e507779a0ea2de074f7c485d52a7a1c1360cd30a21d63493
validation/excel_formula_validation.csv,1104,43647d4b5fcfe8fbb39d57b0ac6583a5a23c4726f39d607f661d64cccac65e00
validation/external_release_gates.csv,1561,4e4859f490de1bb30397d94c5f257611721256ad92daec4088242fe6cf04939c
validation/independent_review_checklist.csv,2352,4d64eb78477aae38f8f1f900702a851d08ff5f7d10e839b7984c5f17974700d3
validation/manifest_integrity.csv,614006,78a634c97a11a0f84efd5ef56fb6095691ecb238529ae3b542e1348e02802ab0
validation/metric_reconciliation_summary.md,562,353f83b83fbf994abb37fdfd8dfbbc112fab58ed7fc05142462c1d74a7cb438d
validation/phase_b_analytical_freeze_guard.csv,16302,c02ce4f2ad2b6949f94d5c4dec946e4fe72f71f43258d71929a51ca326ab0a98
validation/policy_reconciliation_p6.csv,1675,399f21ee3c6ea15495419ab7d925a13300e122748f37352f71d53da0c4d22883
validation/reference_control_test_results.csv,4275,49fdab30621b09d2fbf14af7a4a435c5456080fe2ca7d0427b604a3c307b14cb
validation/reference_temporal_validation.json,1945,22ce67ee07f3ade95ac64dfe6d2227b94d8c9e713c1efddf6fe418495cea3545
validation/release_manifest_verification.json,387,14280a810b82a2e627286ebd615a6857fc8ed092041450449375f1f52e2b720e
validation/release_package_manifest.csv,601027,ae3511dc18c799ac4b4c37256f4e7aef7e40fc89b51c7098669aee018a322c9f
validation/remediation_traceability.csv,13086,ddbc8495eab790b82c643a6ca108da1416ae793afc81a1c49502116a398087b4
validation/reviewer_expected_actual_comparison.csv,6405,3771163639ce2ebd14c52636fee5a0de1cd8937eba4854d345ab512ed45a7dc2
validation/reviewer_rebuild_evidence.json,3278,5218dd23a585635f17216b819926c14cdbae62c845940b0b942e0c60c82a2d23
validation/reviewer_rebuild_evidence.md,2010,2c8dd73f3b0533d3bab63f6068b963c1bbf5397c9d3335716bb62b762e2a3305
validation/run_mode.json,214,919076d52374d58dda75a4f0dd8a79527825b160d11f9cba44db97b9963e98f9
validation/runtime_hardware_environment.json,501,2dcef375c6eeb7719fece8a0d1a3bf74647cb740365fab09cd204a80aea9e1a5
validation/senior_risk_final_assessment.md,5417,3bace987ce3ef8fa6d097120b34caf251304ba5cda270b4b15372ef775105360
validation/senior_risk_scorecard.csv,3448,c33876cfbf16fd0e9d1ae26581b760ff474141b259cfc37a5d43822881733119
validation/source_manifest.csv,6036,9433e06257f823250014c2f111cadd93cf0a84f43a87d6a5a93f688cbce322d4
validation/sql_execution_results.csv,1075,6229c4189a9033d69221df6f942b71be409c0d8f0f142d11ba96381cce2b3e7b
validation/synthetic_vintage_stockflow_controls.csv,277,62ebe1c4709f69436495210f9db7e33d19f7c0d08c2351c23486e27a7265fcbb
validation/validation_checks.csv,31792,3bcc5d10d111f36d1f601241a9451fe778bcae1bb8984367e1d2dd177e6363c4
validation/validation_composition.csv,3998,4ea011f4e8b3833d06e2cf5a3567fcab1618591126131d5ada08137811bcdfd8
validation/validation_report.md,4536,0927c7f58fbda47677809bb4df3a981f411a22187867ab8f738cd914c17a499c
validation/web_dashboard_validation.csv,1772,7831ccadba94fc3309df186663ce7bb7fcd001ffd30321bfcb6f272643bc389a
validation/web_dashboard_validation_report.md,2254,22b66f7c50b72840b9d9277d5526e8ba4723b92fec93a2053eae439331f7172f
validation/web_first_release_manifest.csv,30739,10ded5876cdfcd41354fe24afefa2426f07a870c7aa2be912e17608c4ef4c1a2
validation/web_first_release_manifest_verification.json,1145,e0036d7e4eada71e12c2b7c25f8541e6907af6a1cc9647f3ac0bdaa35071088a
validation/web_first_release_preflight.json,1158,85a9c06a7b8cc3af3e15feb9d645477edf7a537f1f9ba49c79602cac0135ca7d
validation/web_first_release_validation_report.md,1884,e19f79e595b62b153af0eb833edc674f122dcbfe66bedc0babe85be38054ec2e
validation/windows_excel_environment.json,1158,c7cf0ae3791c9834f6224dbaba0aac0d34c844c35ad6e3af814998d568f2e457
VALIDATION_SUMMARY.md,506,d42ceca4d54b890bf6f685e0b1980a2d795a34d55942ba826c0a89b50d6f54f5
